[
  {
    "sources": [
      {
        "src": "https://player.vimeo.com/external/222068452.hd.mp4?s=e7487b0cec9fbd19c52a16e191824f9c1552173b&profile_id=174&oauth2_token_id=1363788732",
        "type": "video/mp4",
        "isView": false,
        "viewPr": 0
      }
    ],
    "poster": "https://i.vimeocdn.com/video/640539932_1280x720.jpg?r=pad",
    "title": "Promotion video",
    "is_free": true,
    "description": "Promotion video is free"
  },
  {
    "sources": [
      {
        "src": "https://player.vimeo.com/external/311104581.sd.mp4?s=7d3fd8524efd56afeb417ed07323a42fdde0ce0f&profile_id=164&oauth2_token_id=1363788732",
        "type": "video/mp4",
        "is_paid": false,
        "isView": false,
        "viewPr": 0
      }
    ],
    "is_free": true,
    "poster": "https://i.vimeocdn.com/video/640539932_1280x720.jpg?r=pad",
    "title": "Lession 01.01",
    "description": "First chapter 01 lession is free"
  },
  {
    "sources": [
      {
        "src": "https://player.vimeo.com/external/221454843.sd.mp4?s=da95e67a8f1b68440b8a1fd0d78a782685480074&profile_id=164&oauth2_token_id=1363788732",
        "type": "video/mp4",
        "is_paid": true,
        "isView": false,
        "viewPr": 0
      }
    ],
    "is_free": false,
    "poster": "https://i.vimeocdn.com/video/640539932_1280x720.jpg?r=pad",
    "title": "Lession 01.02",
    "description": "First chapter 02 lession is paid"
  },
  {
    "sources": [
      {
        "src": "https://player.vimeo.com/external/311104581.sd.mp4?s=7d3fd8524efd56afeb417ed07323a42fdde0ce0f&profile_id=164&oauth2_token_id=1363788732",
        "type": "video/mp4",
        "is_paid": true,
        "isView": false,
        "viewPr": 0
      }
    ],
    "poster": "https://i.vimeocdn.com/video/640539932_1280x720.jpg?r=pad",
    "title": "Lession 01.03",
    "is_free": false,
    "description": "First chapter 03 lession is paid"
  },
  {
    "sources": [
      {
        "src": "https://player.vimeo.com/external/221630829.sd.mp4?s=cdf5643c4f8bb639aa97555012138c5ff92f0f7a&profile_id=164&oauth2_token_id=1363788732",
        "type": "video/mp4",
        "is_paid": true,
        "isView": false,
        "viewPr": 0
      }
    ],
    "poster": "https://i.vimeocdn.com/video/640539932_1280x720.jpg?r=pad",
    "title": "Lession 01.04",
    "is_free": false,
    "description": "First chapter 04 lession is paid"
  },
  {
    "sources": [
      {
        "src": "https://player.vimeo.com/external/221504458.sd.mp4?s=86f1a67b198842c9e218724d9d9a88d0aecf4628&profile_id=164&oauth2_token_id=1363788732",
        "type": "video/mp4",
        "is_paid": false,
        "isView": false,
        "viewPr": 10
      }
    ],
    "poster": "https://i.vimeocdn.com/video/640539932_1280x720.jpg?r=pad",
    "title": "Lession 02.01",
    "is_free": false,
    "description": "Second chapter 01 lession is free"
  },
  {
    "sources": [
      {
        "src": "https://player.vimeo.com/external/221453776.sd.mp4?s=d1a7d44e0005b91c5cf73bb1dbfe61138bb6d823&profile_id=164&oauth2_token_id=1363788732",
        "type": "video/mp4",
        "is_paid": false,
        "isView": false,
        "viewPr": 40
      }
    ],
    "poster": "https://i.vimeocdn.com/video/640539932_1280x720.jpg?r=pad",
    "title": "Lession 02.02",
    "is_free": false,
    "description": "Second chapter 02 lession is free"
  },
  {
    "sources": [
      {
        "src": "https://player.vimeo.com/external/221454499.sd.mp4?s=cd562bc312aa2daf9a43de2dbd2fea26771c53af&profile_id=164&oauth2_token_id=1363788732",
        "type": "video/mp4",
        "is_paid": true,
        "isView": false,
        "viewPr": 0
      }
    ],
    "poster": "https://i.vimeocdn.com/video/640539932_1280x720.jpg?r=pad",
    "title": "Lession 02.03",
    "is_free": false,
    "description": "Second chapter 03 lession is paid"
  },
  {
    "sources": [
      {
        "src": "https://player.vimeo.com/external/221454843.sd.mp4?s=da95e67a8f1b68440b8a1fd0d78a782685480074&profile_id=164&oauth2_token_id=1363788732",
        "type": "video/mp4",
        "is_paid": true,
        "isView": false,
        "viewPr": 0
      }
    ],
    "poster": "https://i.vimeocdn.com/video/640539932_1280x720.jpg?r=pad",
    "title": "Lession 02.04",
    "is_free": true,
    "description": "Second chapter 04 lession is paid"
  },
  {
    "sources": [
      {
        "src": "https://player.vimeo.com/external/221456143.sd.mp4?s=ba8202c1d3b6303f4e3b4a24d429eb1b84936323&profile_id=164&oauth2_token_id=1363788732",
        "type": "video/mp4",
        "is_paid": true,
        "isView": false,
        "viewPr": 0
      }
    ],
    "poster": "https://i.vimeocdn.com/video/640539932_1280x720.jpg?r=pad",
    "title": "Lession 02.05",
    "is_free": false,
    "description": "Second chapter 05 lession is paid"
  },
  {
    "sources": [
      {
        "src": "https://player.vimeo.com/external/221456627.sd.mp4?s=3fc36a3306cabca3b9a150ecf95448153a961f9f&profile_id=164&oauth2_token_id=1363788732",
        "type": "video/mp4",
        "is_paid": true,
        "isView": false,
        "viewPr": 0
      }
    ],
    "poster": "https://i.vimeocdn.com/video/640539932_1280x720.jpg?r=pad",
    "title": "Lession 02.06",
    "is_free": false,
    "description": "Second chapter 06 lession is paid"
  },
  {
    "sources": [
      {
        "src": "https://player.vimeo.com/external/221457935.sd.mp4?s=ab2da8a7d72a0bd7619bde2310b35af05f1aa71f&profile_id=164&oauth2_token_id=1363788732",
        "type": "video/mp4",
        "is_paid": true,
        "isView": false,
        "viewPr": 0
      }
    ],
    "poster": "https://i.vimeocdn.com/video/640539932_1280x720.jpg?r=pad",
    "title": "Lession 03.01",
    "is_free": false,
    "description": "Third chapter 01 lession is paid"
  },
  {
    "sources": [
      {
        "src": "https://player.vimeo.com/external/221458230.sd.mp4?s=982ba2bcc0e1b7c961924e0ece0a65cff5ba49c4&profile_id=164&oauth2_token_id=1363788732",
        "type": "video/mp4",
        "is_paid": true,
        "isView": false,
        "viewPr": 0
      }
    ],
    "poster": "https://i.vimeocdn.com/video/640539932_1280x720.jpg?r=pad",
    "title": "Lession 03.02",
    "is_free": false,
    "description": "Third chapter 02 lession is paid"
  },
  {
    "sources": [
      {
        "src": "https://player.vimeo.com/external/221459031.sd.mp4?s=94ada9e34ba7a614c6c0411d2dbbc209bba524f7&profile_id=164&oauth2_token_id=1363788732",
        "type": "video/mp4",
        "is_paid": false,
        "isView": false,
        "viewPr": 80
      }
    ],
    "poster": "https://i.vimeocdn.com/video/640539932_1280x720.jpg?r=pad",
    "title": "Lession 03.03",
    "is_free": false,
    "description": "Third chapter 03 lession is free"
  }
]